[
  {
    "loadType": "citySite",
    "name": "Seoul",
    "dateline": "SEOUL, South Korea",
    "code": "KR SEL",
    "latDMS": "37 31 0.0 N",
    "longDMS": "126 56 0.0 E",
    "latDecimal": 37.5167,
    "longDecimal": 126.9333,
    "countryCode": "KR",
    "teamCode": "NPC",
    "coastal": true
  },
  {
    "loadType": "citySite",
    "name": "Vientiane",
    "dateline": "VIENTIANE, Laos",
    "code": "LA VTE",
    "latDMS": "17 58 0.0 N",
    "longDMS": "102 36 0.0 E",
    "latDecimal": 17.9667,
    "longDecimal": 102.6,
    "countryCode": "LA",
    "teamCode": "NPC",
    "coastal": false
  },
  {
    "loadType": "citySite",
    "name": "Tripoli",
    "dateline": "TRIPOLI, Libya",
    "code": "LY TIP",
    "latDMS": "32 52 0.0 N",
    "longDMS": "13 11 0.0 E",
    "latDecimal": 32.1833,
    "longDecimal": 13.6,
    "countryCode": "LY",
    "teamCode": "NPC",
    "coastal": true
  },
  {
    "loadType": "citySite",
    "name": "Andorra la Vella",
    "dateline": "ANDORRA LA VELLA, Andorra",
    "code": "AD ALV",
    "latDMS": "42 30 0.0 N",
    "longDMS": "1 31 0.0 E",
    "latDecimal": 42.5,
    "longDecimal": 1.5167,
    "countryCode": "AD",
    "teamCode": "NPC",
    "coastal": false
  },
  {
    "loadType": "citySite",
    "name": "Saint John's",
    "dateline": "SAINT JOHN'S, Antigua and Barbuda",
    "code": "AG SJO",
    "latDMS": "17 7 0.0 N",
    "longDMS": "61 51 0.0 W",
    "latDecimal": 17.1167,
    "longDecimal": -61.85,
    "countryCode": "AG",
    "teamCode": "NPC",
    "coastal": true
  },
  {
    "loadType": "citySite",
    "name": "Pago Pago",
    "dateline": "PAGO PAGO, American Samoa",
    "code": "AS PPG",
    "latDMS": "14 16 46.0 S",
    "longDMS": "170 42 2.0 W",
    "latDecimal": -14.2794,
    "longDecimal": -170.7006,
    "countryCode": "AS",
    "teamCode": "NPC",
    "coastal": true
  },
  {
    "loadType": "citySite",
    "name": "Nassau",
    "dateline": "NASSAU, Bahamas",
    "code": "BS NAS",
    "latDMS": "25 4 0.0 N",
    "longDMS": "77 20 0.0 W",
    "latDecimal": 25.0667,
    "longDecimal": -77.3333,
    "countryCode": "BS",
    "teamCode": "NPC",
    "coastal": true
  },
  {
    "loadType": "citySite",
    "name": "Manama",
    "dateline": "MANAMA, Bahrain",
    "code": "BH BAH",
    "latDMS": "26 13 0.0 N",
    "longDMS": "50 35 0.0 E",
    "latDecimal": 26.2167,
    "longDecimal": 50.5833,
    "countryCode": "BH",
    "teamCode": "NPC",
    "coastal": true
  },
  {
    "loadType": "citySite",
    "name": "Bridgetown",
    "dateline": "BRIDGETOWN, Barbados",
    "code": "BB BGI",
    "latDMS": "13 05 51.0 N",
    "longDMS": "59 37 0.0 W",
    "latDecimal": 13.0975,
    "longDecimal": -59.6167,
    "countryCode": "BB",
    "teamCode": "NPC",
    "coastal": true
  },
  {
    "loadType": "citySite",
    "name": "Hamilton",
    "dateline": "HAMILTON, Bermuda",
    "code": "BM BDA",
    "latDMS": "32 17 34.8 N",
    "longDMS": "64 46 55.2 W",
    "latDecimal": 32.293,
    "longDecimal": -64.782,
    "countryCode": "BM",
    "teamCode": "NPC",
    "coastal": true
  },
  {
    "loadType": "citySite",
    "name": "Thimphu",
    "dateline": "THIMPHU, Bhutan",
    "code": "BT THI",
    "latDMS": "27 28 20.0 N",
    "longDMS": "89 38 10.0 E",
    "latDecimal": 27.4722,
    "longDecimal": 89.6361,
    "countryCode": "BT",
    "teamCode": "NPC",
    "coastal": false
  },
  {
    "loadType": "citySite",
    "name": "Bandar Seri Begawan",
    "dateline": "BANDAR SERI BEGAWAN, Brunei",
    "code": "BN BWN",
    "latDMS": "4 53 25.0 N",
    "longDMS": "114 56 32.0 E",
    "latDecimal": 4.8903,
    "longDecimal": 114.9422,
    "countryCode": "BN",
    "teamCode": "NPC",
    "coastal": true
  },
  {
    "loadType": "citySite",
    "name": "Yaounde",
    "dateline": "YAOUNDE, Cameroon",
    "code": "CM GXX",
    "latDMS": "3 52 0.0 N",
    "longDMS": "11 31 0.0 E",
    "latDecimal": 3.8667,
    "longDecimal": 11.5167,
    "countryCode": "CM",
    "teamCode": "NPC",
    "coastal": false
  },
  {
    "loadType": "citySite",
    "name": "Praia",
    "dateline": "PRAIA, Cabo Verde",
    "code": "CV RAI",
    "latDMS": "14 55 0.0 N",
    "longDMS": "23 31 0.0 W",
    "latDecimal": 14.9167,
    "longDecimal": -23.5167,
    "countryCode": "CV",
    "teamCode": "NPC",
    "coastal": true
  },
  {
    "loadType": "citySite",
    "name": "Santiago",
    "dateline": "SANTIAGO, Chile",
    "code": "CL SCL",
    "latDMS": "33 27 0.0 S",
    "longDMS": "70 40 0.0 W",
    "latDecimal": -33.45,
    "longDecimal": -70.6667,
    "countryCode": "CL",
    "teamCode": "NPC",
    "coastal": false
  },
  {
    "loadType": "citySite",
    "name": "Moroni",
    "dateline": "MORONI, Comoros",
    "code": "KM YVA",
    "latDMS": "11 41 0.0 S",
    "longDMS": "43 16 0.0 E",
    "latDecimal": -11.6833,
    "longDecimal": 43.2667,
    "countryCode": "KM",
    "teamCode": "NPC",
    "coastal": false
  },
  {
    "loadType": "citySite",
    "name": "Brazzaville",
    "dateline": "BRAZZAVILLE, Republic of the Congo",
    "code": "CG BZV",
    "latDMS": "4 16 0.0 S",
    "longDMS": "15 17 0.0 E",
    "latDecimal": -4.2667,
    "longDecimal": 15.2833,
    "countryCode": "CG",
    "teamCode": "NPC",
    "coastal": false
  },
  {
    "loadType": "citySite",
    "name": "Kinshasa",
    "dateline": "KINSHASA, Democratic Republic of the Congo",
    "code": "CD FIH",
    "latDMS": "4 19 30.0 S",
    "longDMS": "15 19 20.0 E",
    "latDecimal": -4.325,
    "longDecimal": 15.3222,
    "countryCode": "CD",
    "teamCode": "NPC",
    "coastal": false
  },
  {
    "loadType": "citySite",
    "name": "Zagreb",
    "dateline": "ZAGREB, Croatia",
    "code": "HR ZAG",
    "latDMS": "45 48 0.0 N",
    "longDMS": "16 0 0.0 E",
    "latDecimal": 45.8,
    "longDecimal": 16.0,
    "countryCode": "HR",
    "teamCode": "NPC",
    "coastal": false
  },
  {
    "loadType": "citySite",
    "name": "Nicosia",
    "dateline": "NICOSIA, Cyprus",
    "code": "CY NIC",
    "latDMS": "35 10 0.0 N",
    "longDMS": "33 22 0.0 E",
    "latDecimal": 35.1667,
    "longDecimal": 33.3667,
    "countryCode": "CY",
    "teamCode": "NPC",
    "coastal": false
  },
  {
    "loadType": "citySite",
    "name": "Roseau",
    "dateline": "ROSEAU, Dominica",
    "code": "DM RSU",
    "latDMS": "15 18 0.0 N",
    "longDMS": "61 23 0.0 W",
    "latDecimal": 15.3,
    "longDecimal": -61.3833,
    "countryCode": "DM",
    "teamCode": "NPC",
    "coastal": false
  },
  {
    "loadType": "citySite",
    "name": "Santo Domingo",
    "dateline": "SANTO DOMINGO, Dominican Rebublic",
    "code": "DO SDQ",
    "latDMS": "18 28 0.0 N",
    "longDMS": "69 54 0.0 W",
    "latDecimal": 18.4667,
    "longDecimal": -69.9,
    "countryCode": "DO",
    "teamCode": "NPC",
    "coastal": true
  },
  {
    "loadType": "citySite",
    "name": "Asmara",
    "dateline": "ASMARA, Eritrea",
    "code": "ER ASM",
    "latDMS": "15 20 0.0 N",
    "longDMS": "38 56 0.0 E",
    "latDecimal": 15.3333,
    "longDecimal": 38.9333,
    "countryCode": "ER",
    "teamCode": "NPC",
    "coastal": false
  },
  {
    "loadType": "citySite",
    "name": "Helsinki",
    "dateline": "HELSINKI",
    "code": "FI HEL",
    "latDMS": "60 10 0.0 N",
    "longDMS": "24 56 0.0 E",
    "latDecimal": 60.1667,
    "longDecimal": 24.9333,
    "countryCode": "FI",
    "teamCode": "NPC",
    "coastal": true
  },
  {
    "loadType": "citySite",
    "name": "Libreville",
    "dateline": "LIBREVILLE, Gabon",
    "code": "GA LBR",
    "latDMS": "0 23 0.0 N",
    "longDMS": "9 27 0.0 E",
    "latDecimal": 0.3833,
    "longDecimal": 9.45,
    "countryCode": "GA",
    "teamCode": "NPC",
    "coastal": true
  },
  {
    "loadType": "citySite",
    "name": "Banjul",
    "dateline": "BANJUL, Gambia",
    "code": "GM BJL",
    "latDMS": "13 28 0.0 N",
    "longDMS": "16 36 0.0 W",
    "latDecimal": 13.4667,
    "longDecimal": -16.6,
    "countryCode": "GM",
    "teamCode": "NPC",
    "coastal": true
  },
  {
    "loadType": "citySite",
    "name": "St. George's",
    "dateline": "ST. GEORGE'S, Grenada",
    "code": "GD STG",
    "latDMS": "12 03 0.0 N",
    "longDMS": "61 45 15.0 W",
    "latDecimal": 12.05,
    "longDecimal": -61.7542,
    "countryCode": "GD",
    "teamCode": "NPC",
    "coastal": true
  },
  {
    "loadType": "citySite",
    "name": "Bissau",
    "dateline": "BISSAU, Guinea-Bissau",
    "code": "GW OXB",
    "latDMS": "11 52 0.00 N",
    "longDMS": "15 36 0.00 W",
    "latDecimal": 11.8667,
    "longDecimal": -15.6,
    "countryCode": "GW",
    "teamCode": "NPC",
    "coastal": true
  },
  {
    "loadType": "citySite",
    "name": "Cayenne",
    "dateline": "CAYENNE, French Guiana",
    "code": "GF CAY",
    "latDMS": "4 56 0.00 N",
    "longDMS": "52 19 0.00 W",
    "latDecimal": 4.9333,
    "longDecimal": -52.3167,
    "countryCode": "GF",
    "teamCode": "NPC",
    "coastal": true
  },
  {
    "loadType": "citySite",
    "name": "Budapest",
    "dateline": "BUDAPEST, French Hungary",
    "code": "HU BUD",
    "latDMS": "47 29 33.00 N",
    "longDMS": "19 03 5.00 E",
    "latDecimal": 47.4925,
    "longDecimal": 19.0514,
    "countryCode": "HU",
    "teamCode": "NPC",
    "coastal": false
  },
  {
    "loadType": "citySite",
    "name": "Baghdad",
    "dateline": "BAGHDAD",
    "code": "IQ BGW",
    "latDMS": "33 20 0.00 N",
    "longDMS": "44 23 0.00 E",
    "latDecimal": 33.3333,
    "longDecimal": 44.3833,
    "countryCode": "IQ",
    "teamCode": "NPC",
    "coastal": false
  },
  {
    "loadType": "citySite",
    "name": "Dublin",
    "dateline": "DUBLIN",
    "code": "IE DUB",
    "latDMS": "53 19 60.00 N",
    "longDMS": "6 15 11.90 W",
    "latDecimal": 53.3333,
    "longDecimal": -6.2533,
    "countryCode": "IE",
    "teamCode": "NPC",
    "coastal": true
  },
  {
    "loadType": "citySite",
    "name": "Kingston",
    "dateline": "KINGSTON, Jamaica",
    "code": "JM KIN",
    "latDMS": "17 58 17.00 N",
    "longDMS": "76 47 35.0 W",
    "latDecimal": 17.9714,
    "longDecimal": -76.7931,
    "countryCode": "JM",
    "teamCode": "NPC",
    "coastal": true
  },
  {
    "loadType": "citySite",
    "name": "Tarawa",
    "dateline": "TARAWA, Kiribati",
    "code": "KI TRW",
    "latDMS": "1 20 0.00 N",
    "longDMS": "173 00 0.0 E",
    "latDecimal": 1.3333,
    "longDecimal": 173.0,
    "countryCode": "KI",
    "teamCode": "NPC",
    "coastal": true
  },
  {
    "loadType": "citySite",
    "name": "Vaduz",
    "dateline": "VADUZ, Liechtenstein",
    "code": "LI VDZ",
    "latDMS": "47 10 0.00 N",
    "longDMS": "9 30 35.0 E",
    "latDecimal": 47.1667,
    "longDecimal": 9.5097,
    "countryCode": "LI",
    "teamCode": "NPC",
    "coastal": false
  },
  {
    "loadType": "citySite",
    "name": "Skopje",
    "dateline": "SKOPJE, Macedonia",
    "code": "MK SKP",
    "latDMS": "42 0 0.00 N",
    "longDMS": "21 26 0.0 E",
    "latDecimal": 42.0,
    "longDecimal": 21.4333,
    "countryCode": "MK",
    "teamCode": "NPC",
    "coastal": false
  },
  {
    "loadType": "citySite",
    "name": "Male",
    "dateline": "MALE, Maldives",
    "code": "MV MLE",
    "latDMS": "4 10 31.00 N",
    "longDMS": "73 30 32.0 E",
    "latDecimal": 4.1753,
    "longDecimal": 73.5089,
    "countryCode": "MV",
    "teamCode": "NPC",
    "coastal": true
  },
  {
    "loadType": "citySite",
    "name": "Valletta",
    "dateline": "VALLETTA, Malta",
    "code": "MT MLA",
    "latDMS": "35 53 54.00 N",
    "longDMS": "14 30 45.0 E",
    "latDecimal": 35.8983,
    "longDecimal": 14.5125,
    "countryCode": "MT",
    "teamCode": "NPC",
    "coastal": true
  },
  {
    "loadType": "citySite",
    "name": "Majuro",
    "dateline": "MAJURO, Marshall Islands",
    "code": "MH MAJ",
    "latDMS": "7 7 0.00 N",
    "longDMS": "171 4 0.0 E",
    "latDecimal": 7.1167,
    "longDecimal": 171.0667,
    "countryCode": "MH",
    "teamCode": "NPC",
    "coastal": true
  },
  {
    "loadType": "citySite",
    "name": "Port Louis",
    "dateline": "PORT LOUIS, Mauritius",
    "code": "MU PLU",
    "latDMS": "20 10 0.00 S",
    "longDMS": "57 30 0.0 E",
    "latDecimal": -20.1667,
    "longDecimal": 57.5,
    "countryCode": "MU",
    "teamCode": "NPC",
    "coastal": true
  },
  {
    "loadType": "citySite",
    "name": "Palikir",
    "dateline": "PALIKIR, Micronesia",
    "code": "FM PNI",
    "latDMS": "6 55 0.00 N",
    "longDMS": "158 10 0.0 E",
    "latDecimal": 6.9167,
    "longDecimal": 158.1667,
    "countryCode": "FM",
    "teamCode": "NPC",
    "coastal": false
  },
  {
    "loadType": "citySite",
    "name": "Rabat",
    "dateline": "RABAT, Morocco",
    "code": "MA RAB",
    "latDMS": "34 0 0.00 N",
    "longDMS": "6 51 0.0 W",
    "latDecimal": 34.0,
    "longDecimal": -6.85,
    "countryCode": "MA",
    "teamCode": "NPC",
    "coastal": true
  },
  {
    "loadType": "citySite",
    "name": "Amsterdam",
    "dateline": "AMSTERDAM",
    "code": "NL AMS",
    "latDMS": "52 22 0.00 N",
    "longDMS": "4 53 0.0 E",
    "latDecimal": 52.3667,
    "longDecimal": 4.8833,
    "countryCode": "NL",
    "teamCode": "NPC",
    "coastal": true
  },
  {
    "loadType": "citySite",
    "name": "Muscat",
    "dateline": "MUSCAT, Oman",
    "code": "OM MCT",
    "latDMS": "23 35 20.00 N",
    "longDMS": "58 24 30.0 E",
    "latDecimal": 23.5889,
    "longDecimal": 58.4083,
    "countryCode": "OM",
    "teamCode": "NPC",
    "coastal": true
  },
  {
    "loadType": "citySite",
    "name": "Ngerulmud",
    "dateline": "NGERULMUD, Palau",
    "code": "PW NGE",
    "latDMS": "7 30 0.00 N",
    "longDMS": "134 38 0.0 E",
    "latDecimal": 7.5,
    "longDecimal": 134.6333,
    "countryCode": "PW",
    "teamCode": "NPC",
    "coastal": true
  },
  {
    "loadType": "citySite",
    "name": "Lima",
    "dateline": "LIMA, Peru",
    "code": "PE LIM",
    "latDMS": "12 02 36.00 S",
    "longDMS": "77 01 42.0 W",
    "latDecimal": -12.0433,
    "longDecimal": -77.0283,
    "countryCode": "PE",
    "teamCode": "NPC",
    "coastal": true
  },
  {
    "loadType": "citySite",
    "name": "Kigali",
    "dateline": "KIGALI, Rwanda",
    "code": "RW KGL",
    "latDMS": "1 56 38.00 S",
    "longDMS": "30 3 34.0 E",
    "latDecimal": -1.9439,
    "longDecimal": 30.0595,
    "countryCode": "RW",
    "teamCode": "NPC",
    "coastal": false
  },
  {
    "loadType": "citySite",
    "name": "Basseterre",
    "dateline": "BASSETERRE, Saint Kitts and Nevis",
    "code": "KN BAS",
    "latDMS": "17 18 0.00 N",
    "longDMS": "62 42 30.0 W",
    "latDecimal": 17.3,
    "longDecimal": -62.7083,
    "countryCode": "KN",
    "teamCode": "NPC",
    "coastal": true
  },
  {
    "loadType": "citySite",
    "name": "Castries",
    "dateline": "CASTRIES, Saint Lucia",
    "code": "LC CAS",
    "latDMS": "14 1 0.00 N",
    "longDMS": "60 59 0.0 W",
    "latDecimal": 14.0167,
    "longDecimal": -60.9833,
    "countryCode": "LC",
    "teamCode": "NPC",
    "coastal": true
  },
  {
    "loadType": "citySite",
    "name": "Kingston",
    "dateline": "KINGSTON, Saint Vincent and the Grenadines",
    "code": "VC KTN",
    "latDMS": "13 9 30.00 N",
    "longDMS": "61 13 50.0 W",
    "latDecimal": 13.1583,
    "longDecimal": -61.2306,
    "countryCode": "VC",
    "teamCode": "NPC",
    "coastal": true
  },
  {
    "loadType": "citySite",
    "name": "Apia",
    "dateline": "APIA, Samoa",
    "code": "WS APW",
    "latDMS": "13 50 0.00 S",
    "longDMS": "171 45 0.0 W",
    "latDecimal": 13.8333,
    "longDecimal": -171.75,
    "countryCode": "WS",
    "teamCode": "NPC",
    "coastal": true
  },
  {
    "loadType": "citySite",
    "name": "San Marino",
    "dateline": "SAN MARINO, San Marino",
    "code": "SM SAI",
    "latDMS": "43 56 0.00 N",
    "longDMS": "12 26 0.0 E",
    "latDecimal": 43.9333,
    "longDecimal": 12.4333,
    "countryCode": "SM",
    "teamCode": "NPC",
    "coastal": false
  },
  {
    "loadType": "citySite",
    "name": "Sao Tome",
    "dateline": "SAO TOME, Sao Tome and Principe",
    "code": "ST TMS",
    "latDMS": "0 20 0.00 N",
    "longDMS": "6 44 0.0 E",
    "latDecimal": 0.3333,
    "longDecimal": 6.7333,
    "countryCode": "ST",
    "teamCode": "NPC",
    "coastal": true
  },
  {
    "loadType": "citySite",
    "name": "Belgrade",
    "dateline": "BELGRADE, Serbia",
    "code": "RS BEG",
    "latDMS": "44 48 0.00 N",
    "longDMS": "20 28 0.0 E",
    "latDecimal": 44.8,
    "longDecimal": 20.4667,
    "countryCode": "RS",
    "teamCode": "NPC",
    "coastal": false
  },
  {
    "loadType": "citySite",
    "name": "Victoria",
    "dateline": "VICTORIA, Seychelles",
    "code": "SC VIC",
    "latDMS": "4 37 0.00 S",
    "longDMS": "55 27 0.0 E",
    "latDecimal": -4.6167,
    "longDecimal": 55.45,
    "countryCode": "SC",
    "teamCode": "NPC",
    "coastal": true
  },
  {
    "loadType": "citySite",
    "name": "Ljubljana",
    "dateline": "LJUBLJANA, Slovenia",
    "code": "SI LJU",
    "latDMS": "46 3 0.00 N",
    "longDMS": "14 30 0.0 E",
    "latDecimal": 46.05,
    "longDecimal": 14.5,
    "countryCode": "SI",
    "teamCode": "NPC",
    "coastal": false
  },
  {
    "loadType": "citySite",
    "name": "Honiara",
    "dateline": "HONIARA, Solomon Islands",
    "code": "SB HIR",
    "latDMS": "9 26 35.00 S",
    "longDMS": "159 58 0.0 E",
    "latDecimal": -9.4431,
    "longDecimal": 159.9667,
    "countryCode": "SB",
    "teamCode": "NPC",
    "coastal": true
  },
  {
    "loadType": "citySite",
    "name": "Khartoum",
    "dateline": "KHARTOUM, Sudan",
    "code": "SD KRT",
    "latDMS": "15 38 0.00 N",
    "longDMS": "32 32 0.0 E",
    "latDecimal": 15.6333,
    "longDecimal": 32.5333,
    "countryCode": "SD",
    "teamCode": "NPC",
    "coastal": false
  },
  {
    "loadType": "citySite",
    "name": "Ramallah",
    "dateline": "RAMALLAH, State of Palestine",
    "code": "PS RMH",
    "latDMS": "31 54 0.00 N",
    "longDMS": "35 12 0.0 E",
    "latDecimal": 31.9,
    "longDecimal": 35.2,
    "countryCode": "PS",
    "teamCode": "NPC",
    "coastal": false
  },
  {
    "loadType": "citySite",
    "name": "Bern",
    "dateline": "BERN, Switzerland",
    "code": "CH BRN",
    "latDMS": "46 57 0.00 N",
    "longDMS": "7 27 0.0 E",
    "latDecimal": 46.95,
    "longDecimal": 7.45,
    "countryCode": "CH",
    "teamCode": "NPC",
    "coastal": false
  },
  {
    "loadType": "citySite",
    "name": "Bangkok",
    "dateline": "BANGKOK",
    "code": "TH BKK",
    "latDMS": "13 45 0.00 N",
    "longDMS": "100 29 0.0 E",
    "latDecimal": 13.75,
    "longDecimal": 100.4833,
    "countryCode": "TH",
    "teamCode": "NPC",
    "coastal": true
  },
  {
    "loadType": "citySite",
    "name": "Dili",
    "dateline": "DILI, Timor-Leste",
    "code": "TL DIL",
    "latDMS": "8 33 0.00 S",
    "longDMS": "125 33 36.0 E",
    "latDecimal": -8.55,
    "longDecimal": 125.56,
    "countryCode": "TL",
    "teamCode": "NPC",
    "coastal": true
  },
  {
    "loadType": "citySite",
    "name": "Lome",
    "dateline": "LOME, Togo",
    "code": "TG LFW",
    "latDMS": "6 8 0.00 N",
    "longDMS": "1 13 0.0 E",
    "latDecimal": 6.1333,
    "longDecimal": 1.2167,
    "countryCode": "TG",
    "teamCode": "NPC",
    "coastal": true
  },
  {
    "loadType": "citySite",
    "name": "Nuku'alofa",
    "dateline": "NUKU'ALOFA, Tonga",
    "code": "TO TBU",
    "latDMS": "21 8 0.00 S",
    "longDMS": "175 12 0.0 W",
    "latDecimal": -21.1333,
    "longDecimal": -175.2,
    "countryCode": "TO",
    "teamCode": "NPC",
    "coastal": true
  },
  {
    "loadType": "citySite",
    "name": "Port of Spain",
    "dateline": "PORT OF SPAIN, Trinidad and Tobago",
    "code": "TT POS",
    "latDMS": "10 40 0.00 N",
    "longDMS": "61 30 27.0 W",
    "latDecimal": 10.6667,
    "longDecimal": -61.5075,
    "countryCode": "TT",
    "teamCode": "NPC",
    "coastal": true
  },
  {
    "loadType": "citySite",
    "name": "Funafuti",
    "dateline": "FUNAFUTI, Tuvalu",
    "code": "TV POS",
    "latDMS": "8 31 0.00 S",
    "longDMS": "179 12 0.0 E",
    "latDecimal": -8.5167,
    "longDecimal": 179.2,
    "countryCode": "TV",
    "teamCode": "NPC",
    "coastal": true
  },
  {
    "loadType": "citySite",
    "name": "Port Vila",
    "dateline": "PORT VILA, Vanuatu",
    "code": "VU VLI",
    "latDMS": "17 44 0.00 S",
    "longDMS": "168 19 0.0 E",
    "latDecimal": -17.7333,
    "longDecimal": 168.3167,
    "countryCode": "VU",
    "teamCode": "NPC",
    "coastal": true
  },
  {
    "loadType": "citySite",
    "name": "Laayoune",
    "dateline": "LAAYOUNE, Western Sahara",
    "code": "EH UNE",
    "latDMS": "27 10 0.00 N",
    "longDMS": "13 11 0.0 W",
    "latDecimal": 27.1667,
    "longDecimal": -13.1833,
    "countryCode": "EH",
    "teamCode": "NPC",
    "coastal": false
  },
  {
    "loadType": "citySite",
    "name": "Lubumbashi",
    "dateline": "LUBUMBASHI, Democratic Republic of the Congo",
    "code": "CD LUB",
    "latDMS": "11 40 0.00 S",
    "longDMS": "27 28 0.00 E",
    "latDecimal": -11.6667,
    "longDecimal": 27.4667,
    "countryCode": "CD",
    "teamCode": "NPC",
    "coastal": false
  },
  {
    "loadType": "citySite",
    "name": "Copenhagen",
    "dateline": "COPENHAGEN, Denmark",
    "code": "DK CPH",
    "latDMS": "55 40 32.72 N",
    "longDMS": "12 34 8.48 E",
    "latDecimal": 55.6757,
    "longDecimal": 12.569,
    "countryCode": "DK",
    "teamCode": "NPC",
    "coastal": true
  },
  {
    "loadType": "citySite",
    "name": "Djibouti",
    "dateline": "DJIBOUTI",
    "code": "DJ JIB",
    "latDMS": "11 33 44.12 N",
    "longDMS": "43 8 34.39 E",
    "latDecimal": 11.5622,
    "longDecimal": 43.1429,
    "countryCode": "DJ",
    "teamCode": "NPC",
    "coastal": true
  },
  {
    "loadType": "citySite",
    "name": "Quito",
    "dateline": "QUITO, Ecuador",
    "code": "EC UIO",
    "latDMS": "0 13 12.39 S",
    "longDMS": "78 30 41.38 W",
    "latDecimal": -0.2201,
    "longDecimal": -78.5114,
    "countryCode": "EC",
    "teamCode": "NPC",
    "coastal": false
  },
  {
    "loadType": "citySite",
    "name": "San Salvador",
    "dateline": "SAN SALVADOR, El Salvador",
    "code": "SV SAL",
    "latDMS": "13 41 47.63 N",
    "longDMS": "89 10 39.76 W",
    "latDecimal": 13.6965,
    "longDecimal": -89.1777,
    "countryCode": "SV",
    "teamCode": "NPC",
    "coastal": false
  },
  {
    "loadType": "citySite",
    "name": "Malabo",
    "dateline": "MALABO, Equatorial Guinea",
    "code": "GQ SSG",
    "latDMS": "3 45 17.73 N",
    "longDMS": "8 46 46.64 E",
    "latDecimal": 3.7549,
    "longDecimal": 8.7796,
    "countryCode": "GQ",
    "teamCode": "NPC",
    "coastal": true
  },
  {
    "loadType": "citySite",
    "name": "Tallinn",
    "dateline": "TALLINN, Estonia",
    "code": "EE TLL",
    "latDMS": "59 26 2.00 N",
    "longDMS": "24 43 41.00 E",
    "latDecimal": 59.4339,
    "longDecimal": 24.7281,
    "countryCode": "EE",
    "teamCode": "NPC",
    "coastal": true
  },
  {
    "loadType": "citySite",
    "name": "Manzini",
    "dateline": "MANZINI, Eswatini",
    "code": "SZ MTS",
    "latDMS": "26 30 15.0 S",
    "longDMS": "31 21 55.0 E",
    "latDecimal": -26.5042,
    "longDecimal": 31.3653,
    "countryCode": "SZ",
    "teamCode": "NPC",
    "coastal": false
  },
  {
    "loadType": "citySite",
    "name": "Addis Ababa",
    "dateline": "ADDIS ABABA, Ethiopia",
    "code": "ET ADD",
    "latDMS": "9 0 35.55 N",
    "longDMS": "38 45 54.93 E",
    "latDecimal": 9.0099,
    "longDecimal": 38.7653,
    "countryCode": "ET",
    "teamCode": "NPC",
    "coastal": false
  },
  {
    "loadType": "citySite",
    "name": "Suva",
    "dateline": "SUVA, Fiji",
    "code": "FJ SUV",
    "latDMS": "18 8 10.83 S",
    "longDMS": "178 25 37.23 E",
    "latDecimal": -18.1363,
    "longDecimal": 178.427,
    "countryCode": "FJ",
    "teamCode": "NPC",
    "coastal": true
  },
  {
    "loadType": "citySite",
    "name": "Lyon",
    "dateline": "LYON, France",
    "code": "FR LYS",
    "latDMS": "45 46 2.20 N",
    "longDMS": "4 50 3.67 E",
    "latDecimal": 45.7673,
    "longDecimal": 4.8344,
    "countryCode": "FR",
    "teamCode": "TFR",
    "coastal": false
  },
  {
    "loadType": "citySite",
    "name": "Tbilsi",
    "dateline": "TBILSI, Georgia",
    "code": "GE TBS",
    "latDMS": "41 41 36.09 N",
    "longDMS": "44 48 5.76 E",
    "latDecimal": 41.6934,
    "longDecimal": 44.8016,
    "countryCode": "GE",
    "teamCode": "NPC",
    "coastal": false
  },
  {
    "loadType": "citySite",
    "name": "Berlin",
    "dateline": "BERLIN",
    "code": "DE BER",
    "latDMS": "52 31 0.0 N",
    "longDMS": "13 23 0.0 E",
    "latDecimal": 52.5167,
    "longDecimal": 13.8833,
    "countryCode": "DE",
    "teamCode": "NPC",
    "coastal": false
  },
  {
    "loadType": "citySite",
    "name": "Bremerhaven",
    "dateline": "BREMERHAVEN, Germany",
    "code": "DE BRV",
    "latDMS": "53 35 0.0 N",
    "longDMS": "8 35 0.0 E",
    "latDecimal": 53.5833,
    "longDecimal": 8.5833,
    "countryCode": "DE",
    "teamCode": "NPC",
    "coastal": true
  },
  {
    "loadType": "citySite",
    "name": "Accra",
    "dateline": "ACCRA, Ghana",
    "code": "GH ACC",
    "latDMS": "5 32 59.99 N",
    "longDMS": "0 13 0.00 W",
    "latDecimal": 5.55,
    "longDecimal": -0.2167,
    "countryCode": "GH",
    "teamCode": "NPC",
    "coastal": true
  },
  {
    "loadType": "citySite",
    "name": "Athens",
    "dateline": "ATHENS, Greece",
    "code": "GR ATH",
    "latDMS": "37 58 59.99 N",
    "longDMS": "23 43 59.99 E",
    "latDecimal": 37.9833,
    "longDecimal": 23.7333,
    "countryCode": "GR",
    "teamCode": "NPC",
    "coastal": false
  },
  {
    "loadType": "citySite",
    "name": "Nuuk",
    "dateline": "NUUK, Greenland",
    "code": "GL UAK",
    "latDMS": "64 11 1.95 N",
    "longDMS": "51 42 28.35 W",
    "latDecimal": 64.1839,
    "longDecimal": -51.7079,
    "countryCode": "GL",
    "teamCode": "NPC",
    "coastal": true
  },
  {
    "loadType": "citySite",
    "name": "Guatemala City",
    "dateline": "GUATEMALA CITY",
    "code": "GT GUA",
    "latDMS": "14 37 51.49 N",
    "longDMS": "90 30 55.73 W",
    "latDecimal": 14.631,
    "longDecimal": -90.5155,
    "countryCode": "GT",
    "teamCode": "NPC",
    "coastal": false
  },
  {
    "loadType": "citySite",
    "name": "Conakry",
    "dateline": "CONAKRY, Guinea",
    "code": "GN CKY",
    "latDMS": "9 34 1.03 N",
    "longDMS": "13 39 16.96 W",
    "latDecimal": 9.567,
    "longDecimal": -13.6547,
    "countryCode": "GN",
    "teamCode": "NPC",
    "coastal": true
  },
  {
    "loadType": "citySite",
    "name": "Georgetown",
    "dateline": "GEORGETOWN, Guyana",
    "code": "GY GEO",
    "latDMS": "6 48 33.98 N",
    "longDMS": "58 9 52.81 W",
    "latDecimal": 6.8094,
    "longDecimal": -58.1647,
    "countryCode": "GY",
    "teamCode": "NPC",
    "coastal": true
  },
  {
    "loadType": "citySite",
    "name": "Port-au-Prince",
    "dateline": "PORT-AU-PRINCE, Haiti",
    "code": "HT PAP",
    "latDMS": "18 32 46.04 N",
    "longDMS": "72 20 50.68 W",
    "latDecimal": 18.5461,
    "longDecimal": -72.3474,
    "countryCode": "HT",
    "teamCode": "NPC",
    "coastal": true
  },
  {
    "loadType": "citySite",
    "name": "Vatican",
    "dateline": "VATICAN CITY",
    "code": "VA CIA",
    "latDMS": "41 54 8.12 N",
    "longDMS": "12 27 29.27 E",
    "latDecimal": 41.9023,
    "longDecimal": 12.4581,
    "countryCode": "VA",
    "teamCode": "NPC",
    "coastal": false
  },
  {
    "loadType": "citySite",
    "name": "Tegucigalpa",
    "dateline": "TEGUCIGALPA, Honduras",
    "code": "HN TGU",
    "latDMS": "14 5 20.81 N",
    "longDMS": "87 11 3.85 W",
    "latDecimal": 14.0891,
    "longDecimal": -87.1844,
    "countryCode": "HN",
    "teamCode": "NPC",
    "coastal": false
  },
  {
    "loadType": "citySite",
    "name": "Reykjavik",
    "dateline": "REYKJAVIK, Iceland",
    "code": "IS REK",
    "latDMS": "64 8 49.94 N",
    "longDMS": "21 56 32.63 W",
    "latDecimal": 64.1472,
    "longDecimal": -21.9424,
    "countryCode": "IS",
    "teamCode": "NPC",
    "coastal": true
  },
  {
    "loadType": "citySite",
    "name": "New Delhi",
    "dateline": "NEW DELHI",
    "code": "IN DEL",
    "latDMS": "28 37 37.06 N",
    "longDMS": "77 12 55.42 E",
    "latDecimal": 28.627,
    "longDecimal": 77.2154,
    "countryCode": "IN",
    "teamCode": "IND",
    "coastal": false
  },
  {
    "loadType": "citySite",
    "name": "Mumbai",
    "dateline": "MUMBAI, India",
    "code": "IN BOM",
    "latDMS": "18 57 50.0 N",
    "longDMS": "72 48 50.0 E",
    "latDecimal": 18.9639,
    "longDecimal": 72.8139,
    "countryCode": "IN",
    "teamCode": "IND",
    "coastal": true
  },
  {
    "loadType": "citySite",
    "name": "Kolkatta",
    "dateline": "KOLKATTA, India",
    "code": "IN CCU",
    "latDMS": "22 33 40.92 N",
    "longDMS": "88 22 1.47 E",
    "latDecimal": 22.5614,
    "longDecimal": 88.3671,
    "countryCode": "IN",
    "teamCode": "IND",
    "coastal": false
  },
  {
    "loadType": "citySite",
    "name": "Jakarta",
    "dateline": "JAKARTA, India",
    "code": "ID HLP",
    "latDMS": "6 10 29.12 S",
    "longDMS": "106 49 37.46 E",
    "latDecimal": -6.1748,
    "longDecimal": 106.8271,
    "countryCode": "ID",
    "teamCode": "NPC",
    "coastal": true
  },
  {
    "loadType": "citySite",
    "name": "Jerusalem",
    "dateline": "JERUSALEM",
    "code": "IL JRS",
    "latDMS": "31 46 30.96 N",
    "longDMS": "35 13 3.92 E",
    "latDecimal": 31.7753,
    "longDecimal": 35.2178,
    "countryCode": "IL",
    "teamCode": "NPC",
    "coastal": false
  },
  {
    "loadType": "citySite",
    "name": "Tel Aviv-Yafo",
    "dateline": "TEL AVIV, Israel",
    "code": "IL TLV",
    "latDMS": "32 4 0.0 N",
    "longDMS": "34 46 0.0 E",
    "latDecimal": 32.0667,
    "longDecimal": 34.7667,
    "countryCode": "IL",
    "teamCode": "NPC",
    "coastal": true
  },
  {
    "loadType": "citySite",
    "name": "Milan",
    "dateline": "MILAN",
    "code": "IT BGY",
    "latDMS": "45 28 1.82 N",
    "longDMS": "9 11 22.79 E",
    "latDecimal": 45.4672,
    "longDecimal": 9.1897,
    "countryCode": "IT",
    "teamCode": "NPC",
    "coastal": false
  },
  {
    "loadType": "citySite",
    "name": "Rome",
    "dateline": "ROME",
    "code": "IT ROM",
    "latDMS": "41 53 21.45 N",
    "longDMS": "12 29 36.76 E",
    "latDecimal": 41.8894,
    "longDecimal": 12.4935,
    "countryCode": "IT",
    "teamCode": "NPC",
    "coastal": false
  },
  {
    "loadType": "citySite",
    "name": "Osaka",
    "dateline": "OSAKA, Japan",
    "code": "JP OSA",
    "latDMS": "34 41 38.0 N",
    "longDMS": "135 30 8.0 E",
    "latDecimal": 34.6939,
    "longDecimal": 135.5022,
    "countryCode": "JP",
    "teamCode": "JPN",
    "coastal": true
  },
  {
    "loadType": "citySite",
    "name": "Tokyo",
    "dateline": "TOKYO",
    "code": "JP NRT",
    "latDMS": "35 43 45.0 N",
    "longDMS": "139 45 30.0 E",
    "latDecimal": 35.7292,
    "longDecimal": 139.7583,
    "countryCode": "JP",
    "teamCode": "JPN",
    "coastal": true
  },
  {
    "loadType": "citySite",
    "name": "Amman",
    "dateline": "AMMAN, Jordan",
    "code": "JO ADJ",
    "latDMS": "31 57 2.67 N",
    "longDMS": "35 55 16.18 E",
    "latDecimal": 31.9507,
    "longDecimal": 35.9212,
    "countryCode": "JO",
    "teamCode": "NPC",
    "coastal": false
  },
  {
    "loadType": "citySite",
    "name": "Astana",
    "dateline": "ASTANA, Kazakhstan",
    "code": "KZ TSE",
    "latDMS": "51 10 38.12 N",
    "longDMS": "71 25 26.55 E",
    "latDecimal": 51.1773,
    "longDecimal": 71.424,
    "countryCode": "KZ",
    "teamCode": "NPC",
    "coastal": false
  },
  {
    "loadType": "citySite",
    "name": "Nairobi",
    "dateline": "NAIROBI, Kenya",
    "code": "KE NBO",
    "latDMS": "1 19 07.0 N",
    "longDMS": "36 55 33.00 E",
    "latDecimal": -1.3186,
    "longDecimal": 36.9258,
    "countryCode": "KE",
    "teamCode": "NPC",
    "coastal": false
  },
  {
    "loadType": "citySite",
    "name": "Kuwait City",
    "dateline": "KUWAIT CITY",
    "code": "KW KWI",
    "latDMS": "29 22 38.59 N",
    "longDMS": "47 58 58.03 E",
    "latDecimal": 29.3774,
    "longDecimal": 47.9828,
    "countryCode": "KW",
    "teamCode": "NPC",
    "coastal": true
  },
  {
    "loadType": "citySite",
    "name": "Bishkek",
    "dateline": "BISHKEK, Kyrgyzstan",
    "code": "KG FRU",
    "latDMS": "42 52 20.46 N",
    "longDMS": "74 35 56.34 E",
    "latDecimal": 42.8724,
    "longDecimal": 74.599,
    "countryCode": "KG",
    "teamCode": "NPC",
    "coastal": false
  },
  {
    "loadType": "citySite",
    "name": "Riga",
    "dateline": "RIGA, Latvia",
    "code": "LV RIX",
    "latDMS": "56 56 51.00 N",
    "longDMS": "24 6 34.34 E",
    "latDecimal": 56.9475,
    "longDecimal": 24.1095,
    "countryCode": "LV",
    "teamCode": "NPC",
    "coastal": false
  },
  {
    "loadType": "citySite",
    "name": "Beirut",
    "dateline": "BEIRUT",
    "code": "LB BEY",
    "latDMS": "33 53 35.58 N",
    "longDMS": "35 28 49.24 E",
    "latDecimal": 33.8932,
    "longDecimal": 35.4803,
    "countryCode": "LB",
    "teamCode": "NPC",
    "coastal": true
  },
  {
    "loadType": "citySite",
    "name": "Maseru",
    "dateline": "MASERU, Lesotho",
    "code": "LS MSU",
    "latDMS": "29 18 35.99 S",
    "longDMS": "27 28 48.00 E",
    "latDecimal": -29.31,
    "longDecimal": 27.48,
    "countryCode": "LS",
    "teamCode": "NPC",
    "coastal": false
  },
  {
    "loadType": "citySite",
    "name": "Monrovia",
    "dateline": "MONROVIA, Liberia",
    "code": "LR MLW",
    "latDMS": "6 18 38.00 N",
    "longDMS": "10 48 16.99 W",
    "latDecimal": 6.3106,
    "longDecimal": -10.8047,
    "countryCode": "LR",
    "teamCode": "NPC",
    "coastal": true
  },
  {
    "loadType": "",
    "name": "Vilnius",
    "dateline": "VILNIUS, Lithuania",
    "code": "LT VNO",
    "latDMS": "54 41 2.14 N",
    "longDMS": "25 16 34.54 E",
    "latDecimal": 54.6839,
    "longDecimal": 25.2763,
    "countryCode": "LT",
    "teamCode": "NPC",
    "coastal": false
  },
  {
    "loadType": "citySite",
    "name": "Luxembourg",
    "dateline": "LUXEMBOURG",
    "code": "LU LUX",
    "latDMS": "49 36 42.0 N",
    "longDMS": "6 7 55.0 E",
    "latDecimal": 49.6117,
    "longDecimal": 6.1319,
    "countryCode": "LU",
    "teamCode": "NPC",
    "coastal": false
  },
  {
    "loadType": "citySite",
    "name": "Antananarivo",
    "dateline": "ANTANANARIVO, Madagascar",
    "code": "MG TNR",
    "latDMS": "18 55 0.00 S",
    "longDMS": "47 31 0.00 E",
    "latDecimal": -18.9167,
    "longDecimal": 47.5167,
    "countryCode": "MG",
    "teamCode": "NPC",
    "coastal": false
  },
  {
    "loadType": "citySite",
    "name": "Lilongwe",
    "dateline": "LILONGWE, Malawi",
    "code": "MW LLW",
    "latDMS": "13 59 5.93 S",
    "longDMS": "33 46 9.88 E",
    "latDecimal": -13.985,
    "longDecimal": 33.7694,
    "countryCode": "MW",
    "teamCode": "NPC",
    "coastal": false
  },
  {
    "loadType": "citySite",
    "name": "Kuala Lumpur",
    "dateline": "KUALA LUMPUR, Malaysia",
    "code": "MY KUL",
    "latDMS": "3 8 9.54 N",
    "longDMS": "101 40 21.68 E",
    "latDecimal": 3.136,
    "longDecimal": 101.6727,
    "countryCode": "MY",
    "teamCode": "NPC",
    "coastal": false
  },
  {
    "loadType": "citySite",
    "name": "Bamako",
    "dateline": "BAMAKO, Mali",
    "code": "ML BKO",
    "latDMS": "12 37 50.93 N",
    "longDMS": "7 59 55.5 W",
    "latDecimal": 12.6308,
    "longDecimal": -7.9988,
    "countryCode": "ML",
    "teamCode": "NPC",
    "coastal": false
  },
  {
    "loadType": "citySite",
    "name": "Nouakchott",
    "dateline": "NOUAKCHOTT, Mauritania",
    "code": "MR NKC",
    "latDMS": "18 5 31.66 N",
    "longDMS": "15 58 46.47 W",
    "latDecimal": 18.0921,
    "longDecimal": -15.9795,
    "countryCode": "MR",
    "teamCode": "NPC",
    "coastal": true
  },
  {
    "loadType": "citySite",
    "name": "Mexico City",
    "dateline": "MEXICO CITY",
    "code": "MX MEX",
    "latDMS": "19 25 55.08 N",
    "longDMS": "99 8 0.30 W",
    "latDecimal": 19.432,
    "longDecimal": -99.1334,
    "countryCode": "MX",
    "teamCode": "NPC",
    "coastal": false
  },
  {
    "loadType": "citySite",
    "name": "Monterrey",
    "dateline": "MONTERREY, Mexico",
    "code": "MX MTY",
    "latDMS": "25 41 3.67 N",
    "longDMS": "100 19 1.80 W",
    "latDecimal": 25.6843,
    "longDecimal": -100.3171,
    "countryCode": "MX",
    "teamCode": "NPC",
    "coastal": false
  },
  {
    "loadType": "citySite",
    "name": "Chisinau",
    "dateline": "CHISINAU, Moldova",
    "code": "MD KIV",
    "latDMS": "47 1 0.18 N",
    "longDMS": "28 50 59.07 E",
    "latDecimal": 47.0167,
    "longDecimal": 28.8497,
    "countryCode": "MD",
    "teamCode": "NPC",
    "coastal": false
  },
  {
    "loadType": "citySite",
    "name": "Monaco",
    "dateline": "MONACO",
    "code": "MC XMM",
    "latDMS": "43 44 17.95 N",
    "longDMS": "7 25 26.82 E",
    "latDecimal": 43.7383,
    "longDecimal": 7.4241,
    "countryCode": "MC",
    "teamCode": "NPC",
    "coastal": true
  },
  {
    "loadType": "citySite",
    "name": "Ulaanbaatar",
    "dateline": "ULAANBAATAR, Mongolia",
    "code": "MN ULN",
    "latDMS": "47 55 7.68 N",
    "longDMS": "106 55 3.41 E",
    "latDecimal": 47.9188,
    "longDecimal": 106.9176,
    "countryCode": "MN",
    "teamCode": "NPC",
    "coastal": false
  },
  {
    "loadType": "citySite",
    "name": "Podgorica",
    "dateline": "PODGORICA, Montenegro",
    "code": "ME TGD",
    "latDMS": "42 26 27.99 N",
    "longDMS": "19 15 48.99 E",
    "latDecimal": 42.4411,
    "longDecimal": 19.2636,
    "countryCode": "ME",
    "teamCode": "NPC",
    "coastal": false
  },
  {
    "loadType": "citySite",
    "name": "Maputo",
    "dateline": "MAPUTO, Mozambique",
    "code": "MZ MPM",
    "latDMS": "25 57 55.00 S",
    "longDMS": "32 35 21.00 E",
    "latDecimal": -25.9653,
    "longDecimal": 32.5892,
    "countryCode": "MZ",
    "teamCode": "NPC",
    "coastal": true
  },
  {
    "loadType": "citySite",
    "name": "Naypyitaw",
    "dateline": "NAYPYITAW, Myanmar",
    "code": "MM MDL",
    "latDMS": "19 44 51.32 N",
    "longDMS": "96 6 56.34 E",
    "latDecimal": 19.7476,
    "longDecimal": 96.1157,
    "countryCode": "MM",
    "teamCode": "NPC",
    "coastal": false
  },
  {
    "loadType": "citySite",
    "name": "Windhoek",
    "dateline": "WINDHOEK, Namibia",
    "code": "NA ERS",
    "latDMS": "22 34 12 S",
    "longDMS": "17 5 0.99 E",
    "latDecimal": -22.57,
    "longDecimal": 17.0836,
    "countryCode": "NA",
    "teamCode": "NPC",
    "coastal": false
  },
  {
    "loadType": "citySite",
    "name": "Kathmandu",
    "dateline": "KATHMANDU, Nepal",
    "code": "NP KTM",
    "latDMS": "27 42 28.24 N",
    "longDMS": "85 18 51.59 E",
    "latDecimal": 27.7078,
    "longDecimal": 85.3143,
    "countryCode": "NP",
    "teamCode": "NPC",
    "coastal": false
  },
  {
    "loadType": "citySite",
    "name": "Noumea",
    "dateline": "NOUMEA, New Caledonia",
    "code": "NC NOU",
    "latDMS": "22 16 0.00 S",
    "longDMS": "166 26 59.99 E",
    "latDecimal": -22.2667,
    "longDecimal": 166.45,
    "countryCode": "NC",
    "teamCode": "NPC",
    "coastal": true
  },
  {
    "loadType": "citySite",
    "name": "Wellington",
    "dateline": "WELLINGTON, New Zealand",
    "code": "NZ WLG",
    "latDMS": "41 17 33.17 S",
    "longDMS": "174 46 24.11 E",
    "latDecimal": -41.2925,
    "longDecimal": 174.7734,
    "countryCode": "NZ",
    "teamCode": "NPC",
    "coastal": true
  },
  {
    "loadType": "citySite",
    "name": "Managua",
    "dateline": "MANAGUA, Nicaragua",
    "code": "NI MGA",
    "latDMS": "12 7 5.92 N",
    "longDMS": "86 15 36.11 W",
    "latDecimal": 12.1183,
    "longDecimal": -86.26,
    "countryCode": "NI",
    "teamCode": "NPC",
    "coastal": false
  },
  {
    "loadType": "citySite",
    "name": "Niamey",
    "dateline": "NIAMEY, Niger",
    "code": "NE NIM",
    "latDMS": "13 31 0.00 N",
    "longDMS": "2 7 0.00 E",
    "latDecimal": 13.5167,
    "longDecimal": 2.1167,
    "countryCode": "NE",
    "teamCode": "NPC",
    "coastal": false
  },
  {
    "loadType": "citySite",
    "name": "Kano",
    "dateline": "KANO, Nigeria",
    "code": "NG KAN",
    "latDMS": "11 59 47.00 N",
    "longDMS": "8 31 0.00 E",
    "latDecimal": 11.9964,
    "longDecimal": 8.5167,
    "countryCode": "NG",
    "teamCode": "NPC",
    "coastal": false
  },
  {
    "loadType": "citySite",
    "name": "Abuja",
    "dateline": "ABUJA, Nigeria",
    "code": "NG ABV",
    "latDMS": "9 3 17.17 N",
    "longDMS": "7 29 2.02 E",
    "latDecimal": 9.0548,
    "longDecimal": 7.4839,
    "countryCode": "NG",
    "teamCode": "NPC",
    "coastal": false
  },
  {
    "loadType": "citySite",
    "name": "Pyongyang",
    "dateline": "PYONGYANG, North Korea",
    "code": "KP FNJ",
    "latDMS": "39 0 56.86 N",
    "longDMS": "125 45 8.48 E",
    "latDecimal": 39.0158,
    "longDecimal": 125.7524,
    "countryCode": "KP",
    "teamCode": "NPC",
    "coastal": false
  },
  {
    "loadType": "citySite",
    "name": "Oslo",
    "dateline": "OSLO, Norway",
    "code": "NO OSL",
    "latDMS": "59 54 41.60 N",
    "longDMS": "10 43 59.91 E",
    "latDecimal": 59.9116,
    "longDecimal": 10.7333,
    "countryCode": "NO",
    "teamCode": "NPC",
    "coastal": true
  },
  {
    "loadType": "citySite",
    "name": "Karachi",
    "dateline": "KARACHI, Pakistan",
    "code": "PK KHI",
    "latDMS": "24 52 0.00 N",
    "longDMS": "67 2 59.99 E",
    "latDecimal": 24.8667,
    "longDecimal": 67.05,
    "countryCode": "PK",
    "teamCode": "NPC",
    "coastal": true
  },
  {
    "loadType": "citySite",
    "name": "Panama City",
    "dateline": "PANAMA CITY",
    "code": "PA PTY",
    "latDMS": "8 58 56.36 N",
    "longDMS": "79 31 37.30 W",
    "latDecimal": 8.9823,
    "longDecimal": -79.527,
    "countryCode": "PA",
    "teamCode": "NPC",
    "coastal": true
  },
  {
    "loadType": "citySite",
    "name": "Port Moresby",
    "dateline": "PORT MORESBY, Papua New Guinea",
    "code": "PG POM",
    "latDMS": "9 27 32.37 S",
    "longDMS": "147 11 33.81 E",
    "latDecimal": -9.459,
    "longDecimal": 147.1927,
    "countryCode": "PG",
    "teamCode": "NPC",
    "coastal": true
  },
  {
    "loadType": "citySite",
    "name": "Asuncion",
    "dateline": "ASUNCION, Paraguay",
    "code": "PY ASU",
    "latDMS": "25 18 0.0 S",
    "longDMS": "57 38 0.0 W",
    "latDecimal": -25.3,
    "longDecimal": -57.6333,
    "countryCode": "PY",
    "teamCode": "NPC",
    "coastal": false
  },
  {
    "loadType": "citySite",
    "name": "Manila",
    "dateline": "MANILIA, Philippines",
    "code": "PH MNL",
    "latDMS": "14 35 21.55 N",
    "longDMS": "120 58 52.05 E",
    "latDecimal": 14.5893,
    "longDecimal": 120.9811,
    "countryCode": "PH",
    "teamCode": "NPC",
    "coastal": true
  },
  {
    "loadType": "citySite",
    "name": "Warsaw",
    "dateline": "WARSAW, Poland",
    "code": "PL WAW",
    "latDMS": "52 15 0.00 N",
    "longDMS": "21 0 0.00 E",
    "latDecimal": 52.25,
    "longDecimal": 21.0,
    "countryCode": "PL",
    "teamCode": "NPC",
    "coastal": false
  },
  {
    "loadType": "citySite",
    "name": "Lisbon",
    "dateline": "LISBON, Portugal",
    "code": "PT LIS",
    "latDMS": "38 43 31.0 N",
    "longDMS": "9 9 0.0 W",
    "latDecimal": 38.7753,
    "longDecimal": -9.15,
    "countryCode": "PT",
    "teamCode": "NPC",
    "coastal": true
  },
  {
    "loadType": "citySite",
    "name": "San Juan",
    "dateline": "SAN JUAN, Puerto Rico",
    "code": "PR SJU",
    "latDMS": "18 24 23.0 N",
    "longDMS": "66 3 50.0 W",
    "latDecimal": 18.4064,
    "longDecimal": -66.0639,
    "countryCode": "PR",
    "teamCode": "NPC",
    "coastal": true
  },
  {
    "loadType": "citySite",
    "name": "Doha",
    "dateline": "DOHA, Qatar",
    "code": "QA DOH",
    "latDMS": "25 19 34.14 N",
    "longDMS": "51 31 46.62 E",
    "latDecimal": 25.3262,
    "longDecimal": 51.5296,
    "countryCode": "QA",
    "teamCode": "NPC",
    "coastal": true
  },
  {
    "loadType": "citySite",
    "name": "Bucharest(Bucuresti)",
    "dateline": "BUCHAREST, Romania",
    "code": "RO BUH",
    "latDMS": "44 25 36.24 N",
    "longDMS": "26 6 14.57 E",
    "latDecimal": 44.4267,
    "longDecimal": 26.104,
    "countryCode": "RO",
    "teamCode": "NPC",
    "coastal": false
  },
  {
    "loadType": "citySite",
    "name": "Volgogard",
    "dateline": "VOLGOGARD, Russia",
    "code": "RU VOL",
    "latDMS": "48 42 41.03 N",
    "longDMS": "44 30 50.41 E",
    "latDecimal": 48.7114,
    "longDecimal": 44.514,
    "countryCode": "RU",
    "teamCode": "RFD",
    "coastal": false
  },
  {
    "loadType": "citySite",
    "name": "Riyadh",
    "dateline": "RIYADH, Saudi Arabia",
    "code": "SA RUH",
    "latDMS": "24 38 47.89 N",
    "longDMS": "46 42 54.33 E",
    "latDecimal": 24.6466,
    "longDecimal": 46.7151,
    "countryCode": "SA",
    "teamCode": "NPC",
    "coastal": false
  },
  {
    "loadType": "citySite",
    "name": "Mecca",
    "dateline": "MECCA, Saudi Arabia",
    "code": "SA MEC",
    "latDMS": "21 24 33.18 N",
    "longDMS": "39 47 55.67 E",
    "latDecimal": 21.4092,
    "longDecimal": 39.7988,
    "countryCode": "SA",
    "teamCode": "NPC",
    "coastal": false
  },
  {
    "loadType": "citySite",
    "name": "Dakar",
    "dateline": "DAKAR, Senegal",
    "code": "SN DKR",
    "latDMS": "14 40 26.18 N",
    "longDMS": "17 26 26.86 W",
    "latDecimal": 14.6739,
    "longDecimal": -17.4408,
    "countryCode": "SN",
    "teamCode": "NPC",
    "coastal": true
  },
  {
    "loadType": "citySite",
    "name": "Freetown",
    "dateline": "FREETOWN, Sierra Leone",
    "code": "SL FNA",
    "latDMS": "8 29 24.00 N",
    "longDMS": "13 14 3.00 W",
    "latDecimal": 8.49,
    "longDecimal": -13.2342,
    "countryCode": "SL",
    "teamCode": "NPC",
    "coastal": true
  },
  {
    "loadType": "citySite",
    "name": "Singapore",
    "dateline": "SINGAPORE",
    "code": "SG SIN",
    "latDMS": "1 21 22.33 N",
    "longDMS": "103 49 41.31 E",
    "latDecimal": 1.3562,
    "longDecimal": 103.8281,
    "countryCode": "SG",
    "teamCode": "NPC",
    "coastal": true
  },
  {
    "loadType": "citySite",
    "name": "Bratislava",
    "dateline": "BRATISLAVA, Slovakia",
    "code": "SK BTS",
    "latDMS": "48 8 59.99 N",
    "longDMS": "17 7 0.00 E",
    "latDecimal": 48.15,
    "longDecimal": 17.1167,
    "countryCode": "SK",
    "teamCode": "NPC",
    "coastal": false
  },
  {
    "loadType": "citySite",
    "name": "Mogadishu",
    "dateline": "MOGADISHU, Somalia",
    "code": "SO MGQ",
    "latDMS": "2 2 12.82 N",
    "longDMS": "45 20 34.07 E",
    "latDecimal": 2.0369,
    "longDecimal": 45.3428,
    "countryCode": "SO",
    "teamCode": "NPC",
    "coastal": true
  },
  {
    "loadType": "citySite",
    "name": "Johannesburg",
    "dateline": "JOHANNESBURG",
    "code": "ZA JNB",
    "latDMS": "26 11 23.81 S",
    "longDMS": "28 1 53.87 E",
    "latDecimal": -26.1899,
    "longDecimal": 28.0316,
    "countryCode": "ZA",
    "teamCode": "RSA",
    "coastal": false
  },
  {
    "loadType": "citySite",
    "name": "Juba",
    "dateline": "JUBA, South Sudan",
    "code": "SS JUB",
    "latDMS": "4 50 59.44 N",
    "longDMS": "31 37 0.00 E",
    "latDecimal": 4.85,
    "longDecimal": 31.6167,
    "countryCode": "SS",
    "teamCode": "NPC",
    "coastal": false
  },
  {
    "loadType": "citySite",
    "name": "Madrid",
    "dateline": "MADRID",
    "code": "ES MAD",
    "latDMS": "40 25 10.63 N",
    "longDMS": "3 41 30.54 W",
    "latDecimal": 40.4196,
    "longDecimal": -3.6918,
    "countryCode": "ES",
    "teamCode": "NPC",
    "coastal": false
  },
  {
    "loadType": "citySite",
    "name": "Barcelona",
    "dateline": "BARCELONA, Spain",
    "code": "ES BCN",
    "latDMS": "41 23 31.89 N",
    "longDMS": "2 9 53.52 E",
    "latDecimal": 41.3922,
    "longDecimal": 2.1649,
    "countryCode": "ES",
    "teamCode": "NPC",
    "coastal": true
  },
  {
    "loadType": "citySite",
    "name": "Colombo",
    "dateline": "COLOMBO, Sri Lanka",
    "code": "LK CMB",
    "latDMS": "6 54 54.66 N",
    "longDMS": "79 51 47.72 E",
    "latDecimal": 6.9152,
    "longDecimal": 79.8633,
    "countryCode": "LK",
    "teamCode": "NPC",
    "coastal": true
  },
  {
    "loadType": "citySite",
    "name": "Paramaribo",
    "dateline": "PARAMARIBO, Suriname",
    "code": "SR PBM",
    "latDMS": "5 49 59.99 N",
    "longDMS": "55 10 0.00 W",
    "latDecimal": 5.8333,
    "longDecimal": -55.1667,
    "countryCode": "SR",
    "teamCode": "NPC",
    "coastal": true
  },
  {
    "loadType": "citySite",
    "name": "Stockholm",
    "dateline": "STOCKHOLM",
    "code": "SE STO",
    "latDMS": "59 19 40.68 N",
    "longDMS": "18 3 13.11 E",
    "latDecimal": 59.328,
    "longDecimal": 18.0536,
    "countryCode": "SE",
    "teamCode": "NPC",
    "coastal": true
  },
  {
    "loadType": "citySite",
    "name": "Damascus",
    "dateline": "DAMASCUS, Syria",
    "code": "SY DAM",
    "latDMS": "33 31 6.59 N",
    "longDMS": "36 17 36.00 E",
    "latDecimal": 33.5185,
    "longDecimal": 36.2933,
    "countryCode": "SY",
    "teamCode": "NPC",
    "coastal": true
  },
  {
    "loadType": "citySite",
    "name": "Dushanbe",
    "dateline": "DUSHANBE, Tajikistan",
    "code": "TJ DYU",
    "latDMS": "38 33 36.00 N",
    "longDMS": "68 46 25.99 E",
    "latDecimal": 38.56,
    "longDecimal": 68.7738,
    "countryCode": "TJ",
    "teamCode": "NPC",
    "coastal": false
  },
  {
    "loadType": "citySite",
    "name": "Dodoma",
    "dateline": "DODOMA, Tanzania",
    "code": "TZ DOD",
    "latDMS": "6 10 51.85 S",
    "longDMS": "35 44 48.23 E",
    "latDecimal": -6.181,
    "longDecimal": 35.7467,
    "countryCode": "TZ",
    "teamCode": "NPC",
    "coastal": false
  },
  {
    "loadType": "citySite",
    "name": "Dar es Salaam",
    "dateline": "DAR ES SALAAM, Tanzania",
    "code": "TZ DAR",
    "latDMS": "6 47 59.99 S",
    "longDMS": "39 16 59.99 E",
    "latDecimal": -6.8,
    "longDecimal": 39.2833,
    "countryCode": "TZ",
    "teamCode": "NPC",
    "coastal": true
  },
  {
    "loadType": "citySite",
    "name": "Tunis",
    "dateline": "TUNIS, Tunisia",
    "code": "TN TUN",
    "latDMS": "36 47 47.89 N",
    "longDMS": "10 9 51.11 E",
    "latDecimal": 36.7966,
    "longDecimal": 10.1642,
    "countryCode": "TN",
    "teamCode": "NPC",
    "coastal": true
  },
  {
    "loadType": "citySite",
    "name": "Ankara",
    "dateline": "ANKARA, Turkey",
    "code": "TR ANK",
    "latDMS": "39 56 20.05 N",
    "longDMS": "32 50 26.20 E",
    "latDecimal": 39.9389,
    "longDecimal": 32.8406,
    "countryCode": "TR",
    "teamCode": "NPC",
    "coastal": false
  },
  {
    "loadType": "citySite",
    "name": "Ashgabat",
    "dateline": "ASHGABAT, Turkmenistan",
    "code": "TM ASB",
    "latDMS": "37 56 50.74 N",
    "longDMS": "58 23 7.82 E",
    "latDecimal": 37.9474,
    "longDecimal": 58.3855,
    "countryCode": "TM",
    "teamCode": "NPC",
    "coastal": false
  },
  {
    "loadType": "citySite",
    "name": "Kampala",
    "dateline": "KAMPALA, Uganda",
    "code": "UG EBB",
    "latDMS": "0 18 56.00 N",
    "longDMS": "32 33 56.00 E",
    "latDecimal": 0.3156,
    "longDecimal": 32.5656,
    "countryCode": "UG",
    "teamCode": "NPC",
    "coastal": false
  },
  {
    "loadType": "citySite",
    "name": "Kiev",
    "dateline": "KIEV, Ukraine",
    "code": "UA KBP",
    "latDMS": "50 27 0.35 N",
    "longDMS": "30 31 24.23 E",
    "latDecimal": 50.4501,
    "longDecimal": 30.5234,
    "countryCode": "UA",
    "teamCode": "NPC",
    "coastal": false
  },
  {
    "loadType": "citySite",
    "name": "Abu Dhabi",
    "dateline": "ABU DHABI, United Arab Emirates",
    "code": "AE AUH",
    "latDMS": "24 29 18.47 N",
    "longDMS": "54 22 46.64 E",
    "latDecimal": 24.4885,
    "longDecimal": 54.3796,
    "countryCode": "AE",
    "teamCode": "NPC",
    "coastal": true
  },
  {
    "loadType": "citySite",
    "name": "Montevideo",
    "dateline": "MONTEVIDEO, Uruguay",
    "code": "UY MVD",
    "latDMS": "34 54 23.25 S",
    "longDMS": "56 11 53.98 W",
    "latDecimal": -34.9065,
    "longDecimal": -56.1983,
    "countryCode": "UY",
    "teamCode": "NPC",
    "coastal": true
  },
  {
    "loadType": "citySite",
    "name": "Chicago",
    "dateline": "CHICAGO",
    "code": "US CHI",
    "latDMS": "41 56 1.38 N",
    "longDMS": "87 37 56.57 W",
    "latDecimal": 41.9337,
    "longDecimal": -87.6324,
    "countryCode": "US",
    "teamCode": "USA",
    "coastal": false
  },
  {
    "loadType": "citySite",
    "name": "Washington",
    "dateline": "WASHINGTON",
    "code": "US WAS",
    "latDMS": "38 53 43.91 N",
    "longDMS": "77 1 55.04 W",
    "latDecimal": 38.8955,
    "longDecimal": -77.032,
    "countryCode": "US",
    "teamCode": "USA",
    "coastal": true
  },
  {
    "loadType": "citySite",
    "name": "New York",
    "dateline": "NEW YORK",
    "code": "US NYC",
    "latDMS": "40 42 46.84 N",
    "longDMS": "74 0 25.66 W",
    "latDecimal": 40.713,
    "longDecimal": -74.0071,
    "countryCode": "US",
    "teamCode": "USA",
    "coastal": true
  },
  {
    "loadType": "citySite",
    "name": "Los Angeles",
    "dateline": "LOS ANGELES",
    "code": "US LAX",
    "latDMS": "34 3 12.04 N",
    "longDMS": "118 14 32.45 W",
    "latDecimal": 34.0533,
    "longDecimal": -118.2423,
    "countryCode": "US",
    "teamCode": "USA",
    "coastal": true
  },
  {
    "loadType": "citySite",
    "name": "New Orleans",
    "dateline": "NEW ORLEANS",
    "code": "US MSY",
    "latDMS": "29 57 9.12 N",
    "longDMS": "90 4 36.07 W",
    "latDecimal": 29.9525,
    "longDecimal": -90.0767,
    "countryCode": "US",
    "teamCode": "USA",
    "coastal": true
  },
  {
    "loadType": "citySite",
    "name": "Nashville",
    "dateline": "NASHVILLE, Tenn.",
    "code": "US BNA",
    "latDMS": "36 10 9.70 N",
    "longDMS": "86 47 4.97 W",
    "latDecimal": 36.1694,
    "longDecimal": -86.7847,
    "countryCode": "US",
    "teamCode": "USA",
    "coastal": false
  },
  {
    "loadType": "citySite",
    "name": "Denver",
    "dateline": "DENVER",
    "code": "US DEN",
    "latDMS": "39 44 21.16 N",
    "longDMS": "104 59 25.09 W",
    "latDecimal": 39.7392,
    "longDecimal": -104.9903,
    "countryCode": "US",
    "teamCode": "USA",
    "coastal": false
  },
  {
    "loadType": "citySite",
    "name": "Miami",
    "dateline": "MIAMI",
    "code": "US MIA",
    "latDMS": "25 43 40.63 N",
    "longDMS": "80 14 2.57 W",
    "latDecimal": 25.728,
    "longDecimal": -80.234,
    "countryCode": "US",
    "teamCode": "USA",
    "coastal": true
  },
  {
    "loadType": "citySite",
    "name": "Tashkent",
    "dateline": "TASHKENT, Uzbekistan",
    "code": "UZ TAS",
    "latDMS": "41 18 38.08 N",
    "longDMS": "69 16 54.42 E",
    "latDecimal": 41.3106,
    "longDecimal": 69.2818,
    "countryCode": "UZ",
    "teamCode": "NPC",
    "coastal": false
  },
  {
    "loadType": "citySite",
    "name": "Caracas",
    "dateline": "CARACAS, Venezuela",
    "code": "VE CCS",
    "latDMS": "10 30 20.41 N",
    "longDMS": "66 54 54.49 W",
    "latDecimal": 10.5057,
    "longDecimal": -66.9151,
    "countryCode": "VE",
    "teamCode": "NPC",
    "coastal": false
  },
  {
    "loadType": "citySite",
    "name": "Hanoi",
    "dateline": "HANOI, Vietnam",
    "code": "VN HAN",
    "latDMS": "21 1 42.17 N",
    "longDMS": "105 51 13.44 E",
    "latDecimal": 21.0284,
    "longDecimal": 105.8537,
    "countryCode": "VN",
    "teamCode": "NPC",
    "coastal": false
  },
  {
    "loadType": "citySite",
    "name": "Ho Chi Minh City",
    "dateline": "HO CHI MINH CITY, Vietnam",
    "code": "VN SGN",
    "latDMS": "10 46 35.65 N",
    "longDMS": "106 42 4.35 E",
    "latDecimal": 10.7765,
    "longDecimal": 106.7012,
    "countryCode": "VN",
    "teamCode": "NPC",
    "coastal": false
  },
  {
    "loadType": "citySite",
    "name": "Sanaa",
    "dateline": "SANA'A, Yemen",
    "code": "YE SAH",
    "latDMS": "15 21 11.91 N",
    "longDMS": "44 12 22.43 E",
    "latDecimal": 15.3533,
    "longDecimal": 44.2062,
    "countryCode": "YE",
    "teamCode": "NPC",
    "coastal": false
  },
  {
    "loadType": "citySite",
    "name": "Lusaka",
    "dateline": "LUSAKA, Zambia",
    "code": "ZM LUN",
    "latDMS": "15 25 0.00 N",
    "longDMS": "28 16 59.99 E",
    "latDecimal": -15.4166,
    "longDecimal": 28.2833,
    "countryCode": "ZM",
    "teamCode": "NPC"
  },
  {
    "loadType": "citySite",
    "name": "Harare",
    "dateline": "Harare, Zimbabwe",
    "code": "ZW HRE",
    "latDMS": "17 49 45.0 S",
    "longDMS": "31 03 8.0 E",
    "latDecimal": -17.8292,
    "longDecimal": 31.0522,
    "countryCode": "ZW",
    "teamCode": "NPC"
  },
  {
    "loadType": "citySite",
    "name": "San Francisco",
    "dateline": "SAN FRANCISCO, United States",
    "code": "US SFO",
    "latDMS": "37 46 26.3 N",
    "longDMS": "122 25 52.7 W",
    "latDecimal": 37.615223,
    "longDecimal": -122.389977,
    "countryCode": "US",
    "teamCode": "USA"
  },
  {
    "loadType": "citySite",
    "name": "Moscow",
    "dateline": "MOSCOW",
    "code": "RU BKA",
    "latDMS": "55 37 01.0 N",
    "longDMS": "038 03 36.0 E",
    "latDecimal": 55.6172,
    "longDecimal": 38.06,
    "countryCode": "RU",
    "teamCode": "RFD"
  },
  {
    "loadType": "citySite",
    "name": "Beijing",
    "dateline": "BEIJING",
    "code": "CN BJS",
    "latDMS": "39 55 00.0 N",
    "longDMS": "116 22 60.0 E",
    "latDecimal": 39.91667,
    "longDecimal": 116.38331,
    "countryCode": "CN",
    "teamCode": "PRC"
  },
  {
    "loadType": "citySite",
    "name": "Urumqi",
    "dateline": "URUMQI, China",
    "code": "CN URC",
    "latDMS": "43 47 55.87 N",
    "longDMS": "87 35 18.60 E",
    "latDecimal": 43.7988,
    "longDecimal": 87.5885,
    "countryCode": "CN",
    "teamCode": "PRC"
  },
  {
    "loadType": "citySite",
    "name": "Kashgar",
    "dateline": "KASHGAR, China",
    "code": "CN KAS",
    "latDMS": "39 27 36.63 N",
    "longDMS": "75 58 54.30 E",
    "latDecimal": 39.4601,
    "longDecimal": 75.9817,
    "countryCode": "CN",
    "teamCode": "PRC"
  },
  {
    "loadType": "citySite",
    "name": "Harbin",
    "dateline": "HARBIN, China",
    "code": "CN HRB",
    "latDMS": "45 45 0.00 N",
    "longDMS": "126 39 0.00 E",
    "latDecimal": 45.75,
    "longDecimal": 126.65,
    "countryCode": "CN",
    "teamCode": "PRC"
  },
  {
    "loadType": "citySite",
    "name": "Chongqing",
    "dateline": "CHONGQING, China",
    "code": "CN CQI",
    "latDMS": "29 32 53.76 N",
    "longDMS": "106 31 44.56 E",
    "latDecimal": 29.5482,
    "longDecimal": 106.529,
    "countryCode": "CN",
    "teamCode": "PRC"
  },
  {
    "loadType": "citySite",
    "name": "Shanghai",
    "dateline": "SHANGHAI",
    "code": "CN SHA",
    "latDMS": "31 13 53.65 N",
    "longDMS": "121 28 10.75 E",
    "latDecimal": 31.2315,
    "longDecimal": 121.4696,
    "countryCode": "CN",
    "teamCode": "PRC"
  },
  {
    "loadType": "citySite",
    "name": "Hong Kong",
    "dateline": "HONG KONG",
    "code": "CN CKG",
    "latDMS": "22 16 55.15 N",
    "longDMS": "114 9 28.06 E",
    "latDecimal": 22.2819,
    "longDecimal": 114.1577,
    "countryCode": "CN",
    "teamCode": "PRC"
  },
  {
    "loadType": "citySite",
    "name": "Taipei",
    "dateline": "TAIPEI, China",
    "code": "CN TPE",
    "latDMS": "46 23 7.91 N",
    "longDMS": "123 24 43.56 E",
    "latDecimal": 46.3855,
    "longDecimal": 123.4121,
    "countryCode": "CN",
    "teamCode": "PRC"
  },
  {
    "loadType": "citySite",
    "name": "Paris",
    "dateline": "PARIS",
    "code": "FR ATY",
    "latDMS": "48 51 53.0 N",
    "longDMS": "002 20 56.5 E",
    "latDecimal": 48.8566,
    "longDecimal": 2.3522,
    "countryCode": "FR",
    "teamCode": "TFR"
  },
  {
    "loadType": "citySite",
    "name": "London",
    "dateline": "LONDON",
    "code": "GB LHR",
    "latDMS": "51 28 12.1 N",
    "longDMS": "000 27 15.5 E",
    "latDecimal": 51.47,
    "longDecimal": 0.4543,
    "countryCode": "GB",
    "teamCode": "TUK"
  },
  {
    "loadType": "citySite",
    "name": "Amundsen-Scott South Pole",
    "dateline": "SOUTH POLE",
    "code": "AQ AMS",
    "latDMS": "90 00 00.0 S",
    "longDMS": "139 15 60.0 W",
    "latDecimal": -90.0,
    "longDecimal": -139.2667,
    "countryCode": "AQ",
    "teamCode": "USA"
  },
  {
    "loadType": "citySite",
    "name": "Cape Town",
    "dateline": "CAPE TOWN, South Africa",
    "code": "ZA CPT",
    "latDMS": "33 55 07.89 N",
    "longDMS": "018 25 23.88 E",
    "latDecimal": 33.9249,
    "longDecimal": 18.4241,
    "countryCode": "ZA",
    "teamCode": "RSA"
  },
  {
    "loadType": "citySite",
    "name": "Tehran",
    "dateline": "TEHRAN, Iran",
    "code": "IR IKA",
    "latDMS": "35 24 58.00 N",
    "longDMS": "051 09 08.0 E",
    "latDecimal": 35.4095,
    "longDecimal": 51.1552,
    "countryCode": "IR",
    "teamCode": "IRN"
  },
  {
    "loadType": "citySite",
    "name": "Mumbai",
    "dateline": "MUMBAI, India",
    "code": "IN BOM",
    "latDMS": "19 04 33.92 N",
    "longDMS": "072 52 38.73 E",
    "latDecimal": 19.076,
    "longDecimal": 72.8777,
    "countryCode": "IN",
    "teamCode": "IND"
  },
  {
    "loadType": "citySite",
    "name": "Cairo",
    "dateline": "CAIRO, Egypt",
    "code": "EG CAI",
    "latDMS": "30 07 19.00 N",
    "longDMS": "031 24 20.00 E",
    "latDecimal": 30.0444,
    "longDecimal": 31.2357,
    "countryCode": "EG",
    "teamCode": "EPT"
  },
  {
    "loadType": "citySite",
    "name": "Rio de Janeiro",
    "dateline": "RIO DE JANEIRO",
    "code": "BR GIG",
    "latDMS": "22 48 36.00 S",
    "longDMS": "043 15 02.00 W",
    "latDecimal": -22.8053,
    "longDecimal": -43.2566,
    "countryCode": "BR",
    "teamCode": "BRZ"
  },
  {
    "loadType": "citySite",
    "name": "Sydney",
    "dateline": "SYDNEY",
    "code": "AU SYD",
    "latDMS": "33 56 50.45 S",
    "longDMS": "151 10 45.94 E",
    "latDecimal": -33.9473,
    "longDecimal": 151.1794,
    "countryCode": "AU",
    "teamCode": "AUS"
  },
  {
    "loadType": "citySite",
    "name": "Perth",
    "dateline": "PERTH, Australia",
    "code": "AU PER",
    "latDMS": "31 45 45.84 S",
    "longDMS": "115 55 25.01 E",
    "latDecimal": -31.7627,
    "longDecimal": 115.9236,
    "countryCode": "AU",
    "teamCode": "AUS"
  },
  {
    "loadType": "citySite",
    "name": "Brisbane",
    "dateline": "BRISBANE, Australia",
    "code": "AU BNE",
    "latDMS": "27 28 25.22 S",
    "longDMS": "152 56 36.31 E",
    "latDecimal": -27.4736,
    "longDecimal": 152.9434,
    "countryCode": "AU",
    "teamCode": "AUS"
  },
  {
    "loadType": "citySite",
    "name": "Melbourne",
    "dateline": "MELBOURNE, Australia",
    "code": "AU MEL",
    "latDMS": "37 27 4.72 S",
    "longDMS": "144 49 38.17 E",
    "latDecimal": -37.4513,
    "longDecimal": 144.8272,
    "countryCode": "AU",
    "teamCode": "AUS"
  },
  {
    "loadType": "citySite",
    "name": "Kabul",
    "dateline": "KABUL, Afghanistan",
    "code": "AF KBL",
    "latDMS": "34 33 40.51 N",
    "longDMS": "69 13 12.17 E",
    "latDecimal": 34.5612,
    "longDecimal": 69.22,
    "countryCode": "AF",
    "teamCode": "NPC"
  },
  {
    "loadType": "citySite",
    "name": "Tirana",
    "dateline": "TIRANA, Albania",
    "code": "AL TIA",
    "latDMS": "41 21 25.45 N",
    "longDMS": "19 53 29.16 E",
    "latDecimal": 41.357,
    "longDecimal": 19.8914,
    "countryCode": "AL",
    "teamCode": "NPC"
  },
  {
    "loadType": "citySite",
    "name": "Algiers",
    "dateline": "ALGIERS, Algeria",
    "code": "DZ ALG",
    "latDMS": "36 33 11.20 N",
    "longDMS": "3 11 39.39 E",
    "latDecimal": 36.5531,
    "longDecimal": 3.1942,
    "countryCode": "DZ",
    "teamCode": "NPC"
  },
  {
    "loadType": "citySite",
    "name": "Luanda",
    "dateline": "LUANDA, Angola",
    "code": "AO LAD",
    "latDMS": "8 50 1.36 N",
    "longDMS": "13 20 59.14 E",
    "latDecimal": -8.8337,
    "longDecimal": 13.3497,
    "countryCode": "AO",
    "teamCode": "NPC"
  },
  {
    "loadType": "citySite",
    "name": "Cordoba",
    "dateline": "CORDOBA, Argentina",
    "code": "AR COR",
    "latDMS": "37 54 58.11 S",
    "longDMS": "4 46 35.93 W",
    "latDecimal": 37.9161,
    "longDecimal": -4.7766,
    "countryCode": "AR",
    "teamCode": "NPC"
  },
  {
    "loadType": "citySite",
    "name": "Buenos Aires",
    "dateline": "BUENOS AIRES, Argentina",
    "code": "AR BUE",
    "latDMS": "34 35 15.16 S",
    "longDMS": "58 46 16.90 W",
    "latDecimal": -34.5875,
    "longDecimal": -58.7713,
    "countryCode": "AR",
    "teamCode": "NPC"
  },
  {
    "loadType": "citySite",
    "name": "Yerevan",
    "dateline": "YEREVAN, Armenia",
    "code": "AM EVN",
    "latDMS": "40 9 30.65 N",
    "longDMS": "44 33 50.32 E",
    "latDecimal": 40.1585,
    "longDecimal": 44.5639,
    "countryCode": "AM",
    "teamCode": "NPC"
  },
  {
    "loadType": "citySite",
    "name": "Vienna",
    "dateline": "VIENNA",
    "code": "AT VIE",
    "latDMS": "48 4 35.79 N",
    "longDMS": "16 25 3.69 E",
    "latDecimal": 48.0766,
    "longDecimal": 16.4177,
    "countryCode": "AT",
    "teamCode": "NPC"
  },
  {
    "loadType": "citySite",
    "name": "Baku",
    "dateline": "BAKU, Azerbaijan",
    "code": "AZ DAC",
    "latDMS": "40 22 27.01 N",
    "longDMS": "49 45 50.20 E",
    "latDecimal": 40.3741,
    "longDecimal": 49.7639,
    "countryCode": "AZ",
    "teamCode": "NPC"
  },
  {
    "loadType": "citySite",
    "name": "Dhaka",
    "dateline": "DHAKA, Bangladesh",
    "code": "BD DAC",
    "latDMS": "23 48 30.24 N",
    "longDMS": "90 26 56.63 E",
    "latDecimal": 23.8084,
    "longDecimal": 90.449,
    "countryCode": "BD",
    "teamCode": "NPC"
  },
  {
    "loadType": "citySite",
    "name": "Minsk",
    "dateline": "MINSK, Belarus",
    "code": "BY MSQ",
    "latDMS": "53 50 58.59 N",
    "longDMS": "27 32 53.58 E",
    "latDecimal": 53.8496,
    "longDecimal": 27.5482,
    "countryCode": "BY",
    "teamCode": "NPC"
  },
  {
    "loadType": "citySite",
    "name": "Brussels",
    "dateline": "BRUSSELS",
    "code": "BE BRU",
    "latDMS": "50 51 30.58 N",
    "longDMS": "4 24 8.74 E",
    "latDecimal": 50.8584,
    "longDecimal": 4.4024,
    "countryCode": "BE",
    "teamCode": "NPC"
  },
  {
    "loadType": "citySite",
    "name": "Belize",
    "dateline": "BELIZE, Belize",
    "code": "BZ BZE",
    "latDMS": "17 35 27.17 N",
    "longDMS": "88 22 51.20 W",
    "latDecimal": 17.5908,
    "longDecimal": -88.3808,
    "countryCode": "BZ",
    "teamCode": "NPC"
  },
  {
    "loadType": "citySite",
    "name": "Cotonou",
    "dateline": "COTONOU, Benin",
    "code": "BJ COO",
    "latDMS": "6 22 25.62 N",
    "longDMS": "2 25 11.06 E",
    "latDecimal": 6.3737,
    "longDecimal": 2.4197,
    "countryCode": "BJ",
    "teamCode": "NPC"
  },
  {
    "loadType": "citySite",
    "name": "Cochabamba",
    "dateline": "Cochabamba, Bolivia",
    "code": "BO CBB",
    "latDMS": "17 25 16.00 N",
    "longDMS": "66 10 38.0 W",
    "latDecimal": -17.4211,
    "longDecimal": -66.1771,
    "countryCode": "BO",
    "teamCode": "NPC"
  },
  {
    "loadType": "citySite",
    "name": "Sarajevo",
    "dateline": "SARAJEVO, Bosnia and Herzegovina",
    "code": "BA SJJ",
    "latDMS": "43 50 29.61 N",
    "longDMS": "18 25 11.82 E",
    "latDecimal": 43.8415,
    "longDecimal": 18.4199,
    "countryCode": "BA",
    "teamCode": "NPC"
  },
  {
    "loadType": "citySite",
    "name": "Gaborone",
    "dateline": "GABORONE, Botswana",
    "code": "BW GBE",
    "latDMS": "24 36 5.89 S",
    "longDMS": "25 57 8.83 E",
    "latDecimal": -24.6016,
    "longDecimal": 25.9524,
    "countryCode": "BW",
    "teamCode": "NPC"
  },
  {
    "loadType": "citySite",
    "name": "Fortaleza",
    "dateline": "FORTALEZA, Brazil",
    "code": "BR FOR",
    "latDMS": "3 43 28.89 S",
    "longDMS": "38 28 15.71 W",
    "latDecimal": -3.7246,
    "longDecimal": -38.471,
    "countryCode": "BR",
    "teamCode": "BRZ"
  },
  {
    "loadType": "citySite",
    "name": "Recife",
    "dateline": "RECIFE, Brazil",
    "code": "BR REC",
    "latDMS": "8 1 57.28 S",
    "longDMS": "34 55 56.65 W",
    "latDecimal": -8.0325,
    "longDecimal": -34.9324,
    "countryCode": "BR",
    "teamCode": "BRZ"
  },
  {
    "loadType": "citySite",
    "name": "Salvador",
    "dateline": "SALVADOR, Brazil",
    "code": "BR SSA",
    "latDMS": "812 57 5.09 S",
    "longDMS": "38 29 28.32 W",
    "latDecimal": -12.9514,
    "longDecimal": -38.4912,
    "countryCode": "BR",
    "teamCode": "BRZ"
  },
  {
    "loadType": "citySite",
    "name": "Brasilia",
    "dateline": "BRASILIA, Brazil",
    "code": "BR BSB",
    "latDMS": "15 55 35.52 S",
    "longDMS": "47 57 8.03 W",
    "latDecimal": -15.9265,
    "longDecimal": -47.9522,
    "countryCode": "BR",
    "teamCode": "BRZ"
  },
  {
    "loadType": "citySite",
    "name": "Sao Paulo",
    "dateline": "SAO PAULO",
    "code": "BR GRU",
    "latDMS": "23 33 51.03 S",
    "longDMS": "46 38 10.59 W",
    "latDecimal": -23.5641,
    "longDecimal": -46.6362,
    "countryCode": "BR",
    "teamCode": "BRZ"
  },
  {
    "loadType": "citySite",
    "name": "Sofia",
    "dateline": "Sofia, Bulgaria",
    "code": "BG SOF",
    "latDMS": "42 41 42.0 N",
    "longDMS": "23 24 30.0 E",
    "latDecimal": 42.6967,
    "longDecimal": 23.4114,
    "countryCode": "BG",
    "teamCode": "NPC"
  },
  {
    "loadType": "citySite",
    "name": "Ouagadougou",
    "dateline": "OUAGADOUGOU, Burkina Faso",
    "code": "BF OUA",
    "latDMS": "12 24 23.52 N",
    "longDMS": "1 30 1.15 W",
    "latDecimal": 12.4065,
    "longDecimal": -1.5003,
    "countryCode": "BF",
    "teamCode": "NPC"
  },
  {
    "loadType": "citySite",
    "name": "Bujumbura",
    "dateline": "BUJUMBURA, Burundi",
    "code": "BI BLM",
    "latDMS": "3 22 30.63 S",
    "longDMS": "29 22 53.61 E",
    "latDecimal": -3.3751,
    "longDecimal": 29.3815,
    "countryCode": "BI",
    "teamCode": "NPC"
  },
  {
    "loadType": "citySite",
    "name": "Phnom Penh",
    "dateline": "PHNOM PENH, Cambodia",
    "code": "KH PNH",
    "latDMS": "11 33 49.64 N",
    "longDMS": "104 53 49.62 E",
    "latDecimal": 11.5637,
    "longDecimal": 104.8971,
    "countryCode": "KH",
    "teamCode": "NPC"
  },
  {
    "loadType": "citySite",
    "name": "Vancouver",
    "dateline": "VANCOUVER, Canada",
    "code": "CA YVR",
    "latDMS": "49 15 48.74 N",
    "longDMS": "-123 8 18.85 W",
    "latDecimal": 49.2635,
    "longDecimal": -123.1385,
    "countryCode": "CA",
    "teamCode": "NPC"
  },
  {
    "loadType": "citySite",
    "name": "Montreal",
    "dateline": "MONTREAL",
    "code": "CA YMQ",
    "latDMS": "45 30 32.62 N",
    "longDMS": "-73 33 12.10 W",
    "latDecimal": 45.509,
    "longDecimal": -73.5533,
    "countryCode": "CA",
    "teamCode": "NPC"
  },
  {
    "loadType": "citySite",
    "name": "Toronto",
    "dateline": "TORONTO",
    "code": "CA YTO",
    "latDMS": "43 39 6.81 N",
    "longDMS": "-79 22 54.16 W",
    "latDecimal": 43.6518,
    "longDecimal": -79.3817,
    "countryCode": "CA",
    "teamCode": "NPC"
  },
  {
    "loadType": "citySite",
    "name": "Bangui",
    "dateline": "BANGUI, Central African Republic",
    "code": "CF BGF",
    "latDMS": "6 37 9.87 N",
    "longDMS": "20 56 12.13 E",
    "latDecimal": 4.36122,
    "longDecimal": 18.5549,
    "countryCode": "CF",
    "teamCode": "NPC"
  },
  {
    "loadType": "citySite",
    "name": "N'Djamena",
    "dateline": "N'DJAMENA, Chad",
    "code": "TD NDJ",
    "latDMS": "12 6 23.30 N",
    "longDMS": "15 2 27.96 E",
    "latDecimal": 12.1064,
    "longDecimal": 15.0411,
    "countryCode": "TD",
    "teamCode": "NPC"
  },
  {
    "loadType": "citySite",
    "name": "Medellian",
    "dateline": "MEDELLIAN, Colombia",
    "code": "CO MLN",
    "latDMS": "6 14 35.71 N",
    "longDMS": "-75 34 23.63 W",
    "latDecimal": 6.2432,
    "longDecimal": -75.5732,
    "countryCode": "CO",
    "teamCode": "NPC"
  },
  {
    "loadType": "citySite",
    "name": "Bogota",
    "dateline": "BOGOTA, Colombia",
    "code": "CO BOG",
    "latDMS": "4 39 30.79 N",
    "longDMS": "-74 3 12.04 W",
    "latDecimal": 4.6585,
    "longDecimal": -74.0533,
    "countryCode": "CO",
    "teamCode": "NPC"
  },
  {
    "loadType": "citySite",
    "name": "San Juan",
    "dateline": "SAN JUAN, Costa Rica",
    "code": "CR UPL",
    "latDMS": "9 57 40.07 N",
    "longDMS": "-84 4 55.84 W",
    "latDecimal": 9.9611,
    "longDecimal": -84.0821,
    "countryCode": "CR",
    "teamCode": "NPC"
  },
  {
    "loadType": "citySite",
    "name": "Abidjan",
    "dateline": "ABADJAN, Cote dIvoire",
    "code": "CI ABJ",
    "latDMS": "5 19 15.22 N",
    "longDMS": "-4 1 10.83 W",
    "latDecimal": 5.3208,
    "longDecimal": -4.0196,
    "countryCode": "CI",
    "teamCode": "NPC"
  },
  {
    "loadType": "citySite",
    "name": "Havana",
    "dateline": "HAVANA",
    "code": "CU HAV",
    "latDMS": "23 7 54.99 N",
    "longDMS": "-82 21 51.00 W",
    "latDecimal": 23.1319,
    "longDecimal": -82.3641,
    "countryCode": "CU",
    "teamCode": "NPC"
  },
  {
    "loadType": "citySite",
    "name": "Prague",
    "dateline": "PRAGUE",
    "code": "CZ PRG",
    "latDMS": "23 7 54.99 N",
    "longDMS": "-82 21 51.00 W",
    "latDecimal": 50.087,
    "longDecimal": 14.4176,
    "countryCode": "CZ",
    "teamCode": "NPC"
  }
]
